{"cameraMode":{"drawMode":0,"name":"Shaded","section":"Shading Mode"},"sceneLighting":true,"audioPlay":false,"sceneViewState":{"m_AlwaysRefresh":false,"showFog":true,"showSkybox":true,"showFlares":true,"showImageEffects":true,"showParticleSystems":true,"showVisualEffectGraphs":true,"m_FxEnabled":true},"in2DMode":false,"pivot":{"x":-28.451656341552736,"y":35.6318244934082,"z":102.21139526367188},"rotation":{"x":0.22600200772285462,"y":-0.018996085971593858,"z":0.004413951188325882,"w":0.9739551544189453},"size":95.22325897216797,"orthographic":false}