{"cameraMode":{"drawMode":0,"name":"Shaded","section":"Shading Mode"},"sceneLighting":true,"audioPlay":false,"sceneViewState":{"m_AlwaysRefresh":false,"showFog":true,"showSkybox":true,"showFlares":true,"showImageEffects":true,"showParticleSystems":true,"showVisualEffectGraphs":true,"m_FxEnabled":true},"in2DMode":false,"pivot":{"x":-1.2756973505020142,"y":8.183793067932129,"z":-15.060630798339844},"rotation":{"x":-0.19699403643608094,"y":-0.01854025013744831,"z":0.003673929488286376,"w":-0.9803013801574707},"size":0.1652001440525055,"orthographic":false}